name,product_price,product_url,product_image
Genevieve,$34.95,,
Placerville,$14.98,,
Kitty,$29.95,,
Modesto,$26.95,,
Endicott,$29.95,,
Union,$35.95,,
,,,
,,,
Cooksville,$12.95,,
Taurus,$26.95,,
Bronx,$12.95,,
Hannah,$26.95,,
Flushing,$12.95,,
Libra,$26.95,,
,,,
Hyannis,$2.99,,
Haywood,$29.95,,
Poppy,$29.95,,
Gulfport,$19.95,,
Prince,$19.95,,
Water,$29.95,,
,,,
Oberlin,$19.95,,
Fitchburg,$9.95,,
Lydia,$19.95,,
,,,
Memphis,$29.95,,
Burke,$26.95,,
Lexingto,$2.99,,
Celia,$19.95,,
Milne,$29.95,,
Lyndon,$19.95,,
Bruno,$19.95,,
Butler,$19.95,,
Hedy,$4.99,,
,,,
Joplin,$26.95,,
Indianapolis,$9.95,,
Vogt,$29.95,,
Asheville,$12.95,,
Dominic,$12.95,,
Bray,$12.95,,
Derrick,$26.95,,
Denise,$26.95,,
Alberta,$9.95,,
Pasadena,$13.48,,
Althea,$19.95,,
Pisces,$19.95,,
Pete,$29.95,,
Orleans,$49.95,,
Iowa,$29.95,,
Fresno,$12.95,,
Watertown,$19.95,,
Hodgson,$35.95,,
Belle,$19.95,,
Whittier,$29.95,,
Worcester,$26.95,,
Plains,$26.95,,
Annabel,$39.95,,
Aubrey,$26.95,,
Katherine,$26.95,,
Gainesville,$14.98,,
Martin,$29.95,,
Chamomile,$26.95,,
Murphy,$39.95,,
Toledo,$26.95,,
Evanston,$26.95,,
Willie,$19.95,,
Stephen,$12.95,,
Yves,$55.95,,
Owensboro,$12.95,,
Joni,$29.95,,
,,,
,,,
Matthew,$39.95,,
Felix,$39.95,,
Fernando,$19.95,,
Union,$35.95,,
Prairie,$34.95,,
Riverside,$19.95,,
,,,
Walnut,$29.95,,
Enoch,$29.95,,
Amos,$45.95,,
BowlingGreen,$12.95,,
Labrador,$12.95,,
Vanessa,$26.95,,
,,,
Dinas,$12.95,,
Louise,$29.95,,
Attis,$26.95,,
,,,
Orlando,$12.95,,
Vivian,$29.95,,
Genevieve,$34.95,,
Miami,$29.95,,
Maltz,$29.95,,
Mamie,$5.95,,
Bellevue,$29.95,,
Dove,$34.95,,
Virgo,$29.95,,
,,,
Ames,$29.95,,
Isaiah,$19.95,,
Geraldine,$29.95,,
Coolidge,$5.95,,
Brunswick,$29.95,,
Bobosa,$29.95,,
Lindsay,$29.95,,
Niki,$26.95,,
Tallahassee,$26.95,,
Wilker,$29.95,,
Kitchener,$29.95,,
Naperville,$12.95,,
Angel,$19.95,,
Conrad,$26.95,,
Dean,$26.95,,
Warren,$29.95,,
Schenectady,$29.95,,
AnnArbor,$29.95,,
Dinah,$26.95,,
Gracie,$26.95,,
Gaskell,$29.95,,
Jackson,$26.95,,
Ezekiel,$29.95,,
Mandy,$29.95,,
FortMyers,$29.95,,
Mark,$29.95,,
Trenton,$9.95,,
Rochester,$29.95,,
Tower,$19.95,,
Michelle,$29.95,,
Gladys,$12.95,,
Terre,$32.95,,
Arlene,$26.95,,
Ethel,$26.95,,
Wilsen,$29.95,,
Payne,$29.95,,
,,,
,,,
Cecilia,$26.95,,
Miranda,$19.95,,
Newark,$26.95,,
Eunice,$26.95,,
Nicole,$29.95,,
Hillsborough,$19.95,,
,,,
Jean,$26.95,,
TerreHaute,$19.95,,
Westlake,$44.95,,
Smith,$29.95,,
Rainbow,$19.95,,
Holt,$19.95,,
,,,
Bernardino,$26.95,,
Altoona,$29.95,,
Tiffen,$19.95,,
,,,
Creston,$29.95,,
John,$29.95,,
Sid,$34.95,,
Jerry,$26.95,,
Lina,$8.99,,
Christian,$29.95,,
Clarence,$9.95,,
Debby,$29.95,,
Annabelle,$26.95,,
,,,
Megan,$29.95,,
Adam,$26.95,,
Clark,$54.95,,
Omar,$19.95,,
Capricorn,$35.95,,
Averies,$19.95,,
Richfield,$29.95,,
Astrid,$19.95,,
Reno,$44.95,,
Baldwin,$29.95,,
Husk,$19.95,,
Noyes,$26.95,,
Eagle,$32.95,,
Huggins,$39.95,,
Audrey,$19.95,,
Evansville,$19.95,,
Tate,$34.95,,
Lombard,$29.95,,
Bristol,$45.95,,
Susanna,$29.95,,
Dubois,$49.95,,
Pittsfield,$29.95,,
Freda,$19.95,,
Owen,$19.95,,
Brady,$29.95,,
Buckeye,$29.95,,
Knoxville,$45.95,,
Galveston,$29.95,,
Tacoma,$34.95,,
Stone,$29.95,,
Woolley,$19.95,,
Robben,$39.95,,
Yvette,$26.95,,
Portgas,$34.95,,
Anna,$26.95,,
Aurora,$29.95,,
,,,
,,,
Hartford,$26.95,,
Olivia,$29.95,,
Cedric,$26.95,,
Mavis,$29.95,,
Trista,$44.95,,
Leigh,$29.95,,
,,,
City,$35.95,,
Peak,$29.95,,
Frederic,$4.99,,
Pangnirtung,$19.95,,
Woolf,$26.95,,
Marlowe,$19.95,,
,,,
Doris,$29.95,,
Jungle,$19.95,,
Tacab,$19.95,,
,,,
Platteville,$19.95,,
Niagara,$45.95,,
Caroline,$12.95,,
Lagrange,$29.95,,
Mankato,$29.95,,
Waukegan,$29.95,,
Rouge,$19.95,,
Curitis,$26.95,,
Manhattan,$44.95,,
,,,
Odelette,$29.95,,
Broderick,$26.95,,
Alvin,$54.95,,
Will,$29.95,,
Christ,$29.95,,
Mobile,$39.95,,
Cloud,$45.95,,
Theresa,$26.95,,
Montgomery,$12.95,,
Elroy,$29.95,,
Road,$29.95,,
Booth,$29.95,,
Paul,$29.95,,
Swift,$34.95,,
Zora,$29.95,,
Cara,$12.95,,
Gadsden,$29.95,,
